{"cameraMode":{"drawMode":0,"name":"Shaded","section":"Shading Mode"},"sceneLighting":false,"audioPlay":false,"sceneViewState":{"showFog":false,"showMaterialUpdate":false,"showSkybox":false,"showFlares":true,"showImageEffects":true,"showParticleSystems":true},"in2DMode":false,"pivot":{"x":29.185422897338868,"y":-30.445068359375,"z":-7.952603340148926},"rotation":{"x":-0.6804143786430359,"y":-0.03512731194496155,"z":0.032685112208127978,"w":-0.7312551140785217},"size":125.4527816772461,"orthographic":false}